category	series	vendor	chipset	slug	url
2in1	FRT300P 2in1 タブレット 着脱式キーボード搭載 Windows11 Pro			g121729	https://www.frontier-direct.jp/direct/g/g121729/
2in1	FRT280P 2in1 タブレット 着脱式キーボード搭載 Windows11 Pro			g123062	https://www.frontier-direct.jp/direct/g/g123062/
full	Zシリーズ	Intel	Z890	ejZaZ890	https://www.frontier-direct.jp/direct/e/ejZaZ890/
full	Zシリーズ	Intel	B860	ejZaB860	https://www.frontier-direct.jp/direct/e/ejZaB860/
full	Zシリーズ	AMD	B850	ejZaB850	https://www.frontier-direct.jp/direct/e/ejZaB850/
full	Zシリーズ	AMD	B650	ejZaB650	https://www.frontier-direct.jp/direct/e/ejZaB650/
full	Zシリーズ	AMD	B550	ejZaB550	https://www.frontier-direct.jp/direct/e/ejZaB550/
full	GBシリーズ	Intel	Z890	ejGbZ890	https://www.frontier-direct.jp/direct/e/ejGbZ890/
full	GBLシリーズ	AMD	B650	ejGblB650	https://www.frontier-direct.jp/direct/e/ejGblB650/
full	GPLシリーズ	Intel	B860	ejGplB860	https://www.frontier-direct.jp/direct/e/ejGplB860/
full	GPLシリーズ	AMD	B650	ejGplB6m	https://www.frontier-direct.jp/direct/e/ejGplB6m/
full	GHLシリーズ	Intel	B860	ejGhlB860	https://www.frontier-direct.jp/direct/e/ejGhlB860/
full	GHLシリーズ	AMD	B650	ejGhlB6m	https://www.frontier-direct.jp/direct/e/ejGhlB6m/
full	GHLシリーズ	AMD	B550	ejGhlB550	https://www.frontier-direct.jp/direct/e/ejGhlB550/
full	MFPシリーズ	AMD		ej-msi	https://www.frontier-direct.jp/direct/e/ej-msi/
full	MFGシリーズ	Intel		ej-msi	https://www.frontier-direct.jp/direct/e/ej-msi/
full	MFGシリーズ	AMD		ej-msi	https://www.frontier-direct.jp/direct/e/ej-msi/
full	CRシリーズ	Intel	Z890	ejCrZ890	https://www.frontier-direct.jp/direct/e/ejCrZ890/
full	CRシリーズ	AMD	B650	ejCrB650	https://www.frontier-direct.jp/direct/e/ejCrB650/
gaming-notebook	FRAVN735/A			g122845	https://www.frontier-direct.jp/direct/g/g122845/
gaming-notebook	FRAVN735/B			g122846	https://www.frontier-direct.jp/direct/g/g122846/
gaming-notebook	FRAVN735/C			g122847	https://www.frontier-direct.jp/direct/g/g122847/
gaming-notebook	FRAXN735/C			g122807	https://www.frontier-direct.jp/direct/g/g122807/
gaming-notebook	FRAXN735/B			g122806	https://www.frontier-direct.jp/direct/g/g122806/
gaming-notebook	FRAXN735/A			g122805	https://www.frontier-direct.jp/direct/g/g122805/
gaming-notebook	FRVNC715/A			g122565	https://www.frontier-direct.jp/direct/g/g122565/
gaming-notebook	FRVNC715/B			g122566	https://www.frontier-direct.jp/direct/g/g122566/
gaming-notebook	FRVNC715/C			g122567	https://www.frontier-direct.jp/direct/g/g122567/
gaming-notebook	FRXNC715/A			g122466	https://www.frontier-direct.jp/direct/g/g122466/
gaming-notebook	FRXNC715/B			g122467	https://www.frontier-direct.jp/direct/g/g122467/
gaming-notebook	FRXNC715/C			g122468	https://www.frontier-direct.jp/direct/g/g122468/
middle	GAシリーズ	Intel	B860	ejGamB860	https://www.frontier-direct.jp/direct/e/ejGamB860/
middle	GAシリーズ	AMD	A620	ejGamA620	https://www.frontier-direct.jp/direct/e/ejGamA620/
middle	GAシリーズ	AMD	B550	ejGamB550	https://www.frontier-direct.jp/direct/e/ejGamB550/
mini	Xシリーズ	Intel	B860	ejXaB860	https://www.frontier-direct.jp/direct/e/ejXaB860/
mini	Xシリーズ	AMD	B850	ejXaB850	https://www.frontier-direct.jp/direct/e/ejXaB850/
mini	GKシリーズ	Intel	B860	ejGkB860	https://www.frontier-direct.jp/direct/e/ejGkB860/
mini	GKシリーズ	AMD	A620	ejGkA62m	https://www.frontier-direct.jp/direct/e/ejGkA62m/
mini	GKシリーズ	AMD	B550	ejGkB550	https://www.frontier-direct.jp/direct/e/ejGkB550/
mini	AFPシリーズ	AMD	B850	ejAsusPc	https://www.frontier-direct.jp/direct/e/ejAsusPc/
mini	AFシリーズ	Intel	B860	ejAsusPc	https://www.frontier-direct.jp/direct/e/ejAsusPc/
mini	AFシリーズ	AMD	B850	ejAsusPc	https://www.frontier-direct.jp/direct/e/ejAsusPc/
notebook14	FRNSP755/B			g123917	https://www.frontier-direct.jp/direct/g/g123917/
notebook14	FRNSP755/A			g123916	https://www.frontier-direct.jp/direct/g/g123916/
notebook14	FRNSP525/A			g123915	https://www.frontier-direct.jp/direct/g/g123915/
notebook14	FRNSM515/A			g120008	https://www.frontier-direct.jp/direct/g/g120008/
notebook14	FRNSM715/C			g120010	https://www.frontier-direct.jp/direct/g/g120010/
notebook15	FRAVN735/A			g122845	https://www.frontier-direct.jp/direct/g/g122845/
notebook15	FRAVN735/B			g122846	https://www.frontier-direct.jp/direct/g/g122846/
notebook15	FRAVN735/C			g122847	https://www.frontier-direct.jp/direct/g/g122847/
notebook15	FRAXN735/C			g122807	https://www.frontier-direct.jp/direct/g/g122807/
notebook15	FRAXN735/B			g122806	https://www.frontier-direct.jp/direct/g/g122806/
notebook15	FRAXN735/A			g122805	https://www.frontier-direct.jp/direct/g/g122805/
notebook15	FRVNC715/A			g122565	https://www.frontier-direct.jp/direct/g/g122565/
notebook15	FRVNC715/B			g122566	https://www.frontier-direct.jp/direct/g/g122566/
notebook15	FRVNC715/C			g122567	https://www.frontier-direct.jp/direct/g/g122567/
notebook15	FRXNC715/A			g122466	https://www.frontier-direct.jp/direct/g/g122466/
notebook15	FRXNC715/B			g122467	https://www.frontier-direct.jp/direct/g/g122467/
notebook15	FRXNC715/C			g122468	https://www.frontier-direct.jp/direct/g/g122468/
notebook15	FRNLA713			g115050	https://www.frontier-direct.jp/direct/g/g115050/
notebook15	FRNLA513			g115049	https://www.frontier-direct.jp/direct/g/g115049/
notebook15	FRNLA313			g115048	https://www.frontier-direct.jp/direct/g/g115048/
slim	CSシリーズ	Intel	H810	ejCsH810	https://www.frontier-direct.jp/direct/e/ejCsH810/
slim	CSシリーズ	Intel	H610	ejCsH610P	https://www.frontier-direct.jp/direct/e/ejCsH610P/
