model_slug	product_code	product_name	product_url	image_url	price	cpu	gpu	memory	storage	stock
ej-msi	g123593	FRMFPB850B/A	https://www.frontier-direct.jp/direct/g/g123593/	https://www.frontier-direct.jp/img/goods/S/MFP-B-S-Red.jpg	販売価格 334,800 円 （税込）	AMD Ryzen 7 9700X プロセッサー	【MSI製】NVIDIA GeForce RTX 5060 Ti (8GB) [ブラック]	32GB (16GB x2) メモリ【DDR5】	【MSI製】1TB NVMe SSD (SPATIUM M461)【Gen4】	○ 受注生産
ej-msi	g123594	FRMFPB850B/B	https://www.frontier-direct.jp/direct/g/g123594/	https://www.frontier-direct.jp/img/goods/S/MFP-B-S-Red.jpg	販売価格 469,800 円 （税込）	AMD Ryzen 7 9800X3D プロセッサー	【MSI製】NVIDIA GeForce RTX 5070 Ti [ブラック]	32GB (16GB x2) メモリ【DDR5】	【MSI製】1TB M.2 NVMe SSD（SPATIUM M461）【Gen4】	○ 受注生産
ej-msi	g123595	FRMFPB850W/C	https://www.frontier-direct.jp/direct/g/g123595/	https://www.frontier-direct.jp/img/goods/S/MFP-W-S-Red.jpg	販売価格 459,800 円 （税込）	AMD Ryzen 7 9800X3D プロセッサー	【MSI製】NVIDIA GeForce RTX 5070 Ti [ホワイト] 【MSI RTX5070Ti 16G VENTUS 3XPZ OC】	32GB (16GB x2) メモリ【DDR5】	【MSI製】1TB M.2 NVMe SSD（SPATIUM M461）【Gen4】	○ 受注生産
ej-msi	g119544	FRMFGB650/A	https://www.frontier-direct.jp/direct/g/g119544/	https://www.frontier-direct.jp/img/goods/S/MFG-WB-S-Red.jpg	販売価格 379,800 円 （税込）	AMD Ryzen 7 7800X3D プロセッサー	【MSI製】NVIDIA GeForce RTX 5070	32GB (16GB x2) メモリ【DDR5】	【MSI製】1TB M.2 NVMe SSD (SPATIUM M461)【Gen4】	○ 受注生産
ej-msi	g119545	FRMFGB650/B	https://www.frontier-direct.jp/direct/g/g119545/	https://www.frontier-direct.jp/img/goods/S/MFG-WB-S-Red.jpg	販売価格 455,800 円 （税込）	AMD Ryzen 7 9800X3D プロセッサー	【MSI製】NVIDIA GeForce RTX 5070 Ti	32GB (16GB x2) メモリ【DDR5】	【MSI製】1TB M.2 NVMe SSD (SPATIUM M461)【Gen4】	○ 受注生産
ej-msi	g119546	FRMFGB650/C	https://www.frontier-direct.jp/direct/g/g119546/	https://www.frontier-direct.jp/img/goods/S/MFG-WB-S-Red.jpg	販売価格 514,800 円 （税込）	AMD Ryzen 7 9800X3D プロセッサー	【MSI製】NVIDIA GeForce RTX 5080	32GB (16GB x2) メモリ【DDR5】	【MSI製】1TB M.2 NVMe SSD (SPATIUM M461)【Gen4】	○ 受注生産
ej-msi	g121429	FRMFGB550/A	https://www.frontier-direct.jp/direct/g/g121429/	https://www.frontier-direct.jp/img/goods/S/MFG-WB-S-Blue.jpg	販売価格 239,800 円 （税込）	AMD Ryzen 7 5700X プロセッサー	AMD Radeon RX 9060 XT (8GB)	32GB (16GB x2) メモリ	【MSI製】1TB M.2 NVMe SSD (SPATIUM M461)【Gen4】	○ 受注生産
ej-msi	g121428	FRMFGB550/B	https://www.frontier-direct.jp/direct/g/g121428/	https://www.frontier-direct.jp/img/goods/S/MFG-WB-S-Blue.jpg	販売価格 264,800 円 （税込）	AMD Ryzen 7 5700X プロセッサー	AMD Radeon RX 9060 XT (16GB)	32GB (16GB x2) メモリ	【MSI製】1TB M.2 NVMe SSD (SPATIUM M461)【Gen4】	○ 受注生産
ej-msi	g121496	FRMFGB550/C	https://www.frontier-direct.jp/direct/g/g121496/	https://www.frontier-direct.jp/img/goods/S/MFG-WB-S-Blue.jpg	販売価格 255,800 円 （税込）	AMD Ryzen 7 5700X プロセッサー	NVIDIA GeForce RTX 5060 Ti(8GB) 【MSI RTX5060Ti 8G SHADOW 2X OC PLUS】	32GB (16GB x2) メモリ	【MSI製】1TB M.2 NVMe SSD (SPATIUM M461)【Gen4】	○ 受注生産
ej-msi	g124018	FRMFGB860K/A	https://www.frontier-direct.jp/direct/g/g124018/	https://www.frontier-direct.jp/img/goods/S/MFG-WB-S-Red.jpg	販売価格 389,800 円 （税込）	インテル Core Ultra 7 プロセッサー 270K Plus	【MSI製】NVIDIA GeForce RTX 5070	32GB (16GB x2) メモリ【DDR5】	【MSI製】1TB M.2 NVMe SSD (SPATIUM M461)【Gen4】	○ 受注生産
ej-msi	g124019	FRMFGB860K/B	https://www.frontier-direct.jp/direct/g/g124019/	https://www.frontier-direct.jp/img/goods/S/MFG-WB-S-Red.jpg	販売価格 449,800 円 （税込）	インテル Core Ultra 7 プロセッサー 270K Plus	【MSI製】NVIDIA GeForce RTX 5070 Ti	32GB (16GB x2) メモリ【DDR5】	【MSI製】1TB M.2 NVMe SSD (SPATIUM M461)【Gen4】	○ 受注生産
ej-msi	g124020	FRMFGB860K/C	https://www.frontier-direct.jp/direct/g/g124020/	https://www.frontier-direct.jp/img/goods/S/MFG-WB-S-Red.jpg	販売価格 504,800 円 （税込）	インテル Core Ultra 7 プロセッサー 270K Plus	【MSI製】NVIDIA GeForce RTX 5080	32GB (16GB x2) メモリ【DDR5】	【MSI製】1TB M.2 NVMe SSD (SPATIUM M461)【Gen4】	○ 受注生産
ej-msi	g119654	FRMFGZ890/A	https://www.frontier-direct.jp/direct/g/g119654/	https://www.frontier-direct.jp/img/goods/S/MFG-WB-S-Red.jpg	販売価格 464,800 円 （税込）	インテル Core Ultra 7 プロセッサー 270K Plus	【MSI製】NVIDIA GeForce RTX 5070 Ti	32GB (16GB x2) メモリ【DDR5】	【MSI製】1TB M.2 NVMe SSD (SPATIUM M461)【Gen4】	○ 受注生産
ej-msi	g119655	FRMFGZ890/B	https://www.frontier-direct.jp/direct/g/g119655/	https://www.frontier-direct.jp/img/goods/S/MFG-WB-S-Red.jpg	販売価格 569,800 円 （税込）	インテル Core Ultra 9 プロセッサー 285K	【MSI製】NVIDIA GeForce RTX 5080	32GB (16GB x2) メモリ【DDR5】	【MSI製】1TB M.2 NVMe SSD (SPATIUM M461)【Gen4】	○ 受注生産
ej-msi	g119656	FRMFGZ890/C	https://www.frontier-direct.jp/direct/g/g119656/	https://www.frontier-direct.jp/img/goods/S/MFG-WB-S-Red.jpg	販売価格 899,800 円 （税込）	インテル Core Ultra 9 プロセッサー 285K	【MSI製】NVIDIA GeForce RTX 5090	32GB (16GB x2) メモリ【DDR5】	【MSI製】1TB M.2 NVMe SSD (SPATIUM M461)【Gen4】	○ 受注生産
ejAsusPc	g121944	FRAFPB860/A	https://www.frontier-direct.jp/direct/g/g121944/	https://www.frontier-direct.jp/img/goods/S/AFP-ASUS.jpg	販売価格 269,800 円 （税込）	インテル Core Ultra 5 プロセッサー 225F	【ASUS製】NVIDIA GeForce RTX 5060 Ti	16GB (16GB x1) メモリ【DDR5】	1TB M.2 NVMe SSD【Gen4】	○ 受注生産
ejAsusPc	g121945	FRAFPB860/B	https://www.frontier-direct.jp/direct/g/g121945/	https://www.frontier-direct.jp/img/goods/S/AFP-ASUS.jpg	販売価格 389,800 円 （税込）	インテル Core Ultra 7 プロセッサー 265F	【ASUS製】AMD Radeon RX 9070 XT	32GB (16GB x2) メモリ【DDR5】	1TB M.2 NVMe SSD【Gen4】	○ 受注生産
ejAsusPc	g121674	FRAFPB850/A	https://www.frontier-direct.jp/direct/g/g121674/	https://www.frontier-direct.jp/img/goods/S/AFP-ASUS.jpg	販売価格 269,800 円 （税込）	AMD Ryzen 5 7500F プロセッサー	【ASUS製】AMD Radeon RX 9060 XT [ブラック]	16GB (16GB x1) メモリ【DDR5】	1TB M.2 NVMe SSD【Gen4】	○ 受注生産
ejAsusPc	g121675	FRAFPB850/B	https://www.frontier-direct.jp/direct/g/g121675/	https://www.frontier-direct.jp/img/goods/S/AFP-ASUS.jpg	販売価格 299,800 円 （税込）	AMD Ryzen 5 7500F プロセッサー	【ASUS製】NVIDIA GeForce RTX 5060 Ti (8GB) [ブラック]	32GB (16GB x2) メモリ【DDR5】	1TB M.2 NVMe SSD【Gen4】	○ 受注生産
ejAsusPc	g121677	FRAFPB850/D	https://www.frontier-direct.jp/direct/g/g121677/	https://www.frontier-direct.jp/img/goods/S/AFP-ASUS.jpg	販売価格 415,800 円 （税込）	AMD Ryzen 7 9800X3D プロセッサー	【ASUS製】AMD Radeon RX 9070 XT [ブラック]	32GB (16GB x2) メモリ【DDR5】	1TB M.2 NVMe SSD 【Gen4】	○ 受注生産
ejAsusPc	g121364	FRAFB850/A	https://www.frontier-direct.jp/direct/g/g121364/	https://www.frontier-direct.jp/img/goods/S/AF-ASUS.jpg	販売価格 279,800 円 （税込）	AMD Ryzen 7 9700X プロセッサー	【ASUS製】NVIDIA GeForce RTX 5060 Ti (8GB)	16GB (16GB x1) メモリ【DDR5】	1TB M.2 NVMe SSD【Gen4】	○ 受注生産
ejAsusPc	g121366	FRAFB850/C	https://www.frontier-direct.jp/direct/g/g121366/	https://www.frontier-direct.jp/img/goods/S/AF-ASUS.jpg	販売価格 429,800 円 （税込）	AMD Ryzen 7 9800X3D プロセッサー	【ASUS製】AMD Radeon RX 9070 XT	32GB (16GB x2) メモリ【DDR5】	2TB M.2 NVMe SSD 【Gen4】	○ 受注生産
ejCrB650	g123293	FRCRMB650/CG1	https://www.frontier-direct.jp/direct/g/g123293/	https://www.frontier-direct.jp/img/goods/S/CR-K.jpg	販売価格 414,800 円 （税込）	AMD Ryzen 7 9700X プロセッサー	NVIDIA GeForce RTX 5070 Ti (16GB)	32GB (16GB x2) メモリ【DDR5】	1TB M.2 NVMe SSD【Gen4】	○ 受注生産
ejCrB650	g123294	FRCRMB650/CG2	https://www.frontier-direct.jp/direct/g/g123294/	https://www.frontier-direct.jp/img/goods/S/CR-K.jpg	販売価格 559,800 円 （税込）	AMD Ryzen 9 9900X3D プロセッサー	NVIDIA GeForce RTX 5080 (16GB)	32GB (16GB x2) メモリ【DDR5】	1TB M.2 NVMe SSD【Gen4】	○ 受注生産
ejCrB650	g123296	FRCRMB650/CG4	https://www.frontier-direct.jp/direct/g/g123296/	https://www.frontier-direct.jp/img/goods/S/CR-K.jpg	販売価格 699,800 円 （税込）	AMD Ryzen 9 9950X3D プロセッサー	AMD Radeon AI PRO R9700 (32GB)	64GB (32GB x2) メモリ【DDR5】	2TB M.2 NVMe SSD【Gen4】	○ 受注生産
ejCrB650	g123295	FRCRMB650/CG3	https://www.frontier-direct.jp/direct/g/g123295/	https://www.frontier-direct.jp/img/goods/S/CR-K.jpg	販売価格 1,019,800 円 （税込）	AMD Ryzen 9 9950X3D プロセッサー	NVIDIA GeForce RTX 5090 (32GB)	64GB (32GB x2) メモリ【DDR5】	2TB M.2 NVMe SSD【Gen4】	○ 受注生産
ejCrZ890	g120078	FRCRZ890/CG1	https://www.frontier-direct.jp/direct/g/g120078/	https://www.frontier-direct.jp/img/goods/S/CR-K.jpg	販売価格 459,800 円 （税込）	インテル Core Ultra 7 プロセッサー 270K Plus	NVIDIA GeForce RTX 5070 Ti (16GB)	32GB (16GB x2) メモリ【DDR5】	1TB M.2 NVMe SSD【Gen4】	○ 受注生産
ejCrZ890	g120079	FRCRZ890/CG2	https://www.frontier-direct.jp/direct/g/g120079/	https://www.frontier-direct.jp/img/goods/S/CR-K.jpg	販売価格 519,800 円 （税込）	インテル Core Ultra 7 プロセッサー 270K Plus	NVIDIA GeForce RTX 5080 (16GB)	32GB (16GB x2) メモリ【DDR5】	1TB M.2 NVMe SSD【Gen4】	○ 受注生産
ejCrZ890	g120080	FRCRZ890/CG3	https://www.frontier-direct.jp/direct/g/g120080/	https://www.frontier-direct.jp/img/goods/S/CR-K.jpg	販売価格 999,800 円 （税込）	インテル Core Ultra 9 プロセッサー 285K	NVIDIA GeForce RTX 5090 (32GB)	64GB (32GB x2) メモリ【DDR5】	2TB M.2 NVMe SSD【Gen4】	○ 受注生産
ejCsH610P	g114628	FRCSH610P/B	https://www.frontier-direct.jp/direct/g/g114628/	https://www.frontier-direct.jp/img/goods/S/CS-SilverStone.jpg	販売価格 149,800 円 （税込）	インテル Core i5-12400 プロセッサー		16GB (16GB x1) メモリ	500GB M.2 NVMe SSD【Gen4】	○ 受注生産
ejCsH610P	g114629	FRCSH610P/C	https://www.frontier-direct.jp/direct/g/g114629/	https://www.frontier-direct.jp/img/goods/S/CS-SilverStone.jpg	販売価格 159,800 円 （税込）	インテル Core i5-12400 プロセッサー		16GB (16GB x1) メモリ	1TB M.2 NVMe SSD【Gen4】	○ 受注生産
ejCsH810	g123854	FRCSH810/A	https://www.frontier-direct.jp/direct/g/g123854/	https://www.frontier-direct.jp/img/goods/S/CS-SilverStone.jpg	販売価格 159,800 円 （税込）	インテル Core Ultra 5 プロセッサー 225		16GB (16GB x1) メモリ【DDR5】	1TB NVMe SSD【Gen4】	○ 受注生産
ejCsH810	g123855	FRCSH810/B	https://www.frontier-direct.jp/direct/g/g123855/	https://www.frontier-direct.jp/img/goods/S/CS-SilverStone.jpg	販売価格 194,800 円 （税込）	インテル Core Ultra 5 プロセッサー 225		32GB (16GB x2) メモリ【DDR5】	1TB NVMe SSD【Gen4】	○ 受注生産
ejCsH810	g123856	FRCSH810/C	https://www.frontier-direct.jp/direct/g/g123856/	https://www.frontier-direct.jp/img/goods/S/CS-SilverStone.jpg	販売価格 229,800 円 （税込）	インテル Core Ultra 7 プロセッサー 265		32GB (16GB x2) メモリ【DDR5】	1TB NVMe SSD【Gen4】	○ 受注生産
ejGamA620	g123621	FRGAM-A620AM/A/NTK	https://www.frontier-direct.jp/direct/g/g123621/	https://www.frontier-direct.jp/img/goods/S/GAM-WB.jpg	販売価格 295,800 円 （税込）	AMD Ryzen 7 9700X プロセッサー	【MSI製】NVIDIA GeForce RTX 5060 Ti (8GB)	32GB (16GB x2) メモリ【DDR5】	1TB M.2 NVMe SSD【Gen4】	× ご好評につき、完売しました。
ejGamA620	g123622	FRGAM-A620AM/B/NTK	https://www.frontier-direct.jp/direct/g/g123622/	https://www.frontier-direct.jp/img/goods/S/GAM-WB.jpg	販売価格 336,800 円 （税込）	AMD Ryzen 7 9700X プロセッサー	【MSI製】NVIDIA GeForce RTX 5070	32GB (16GB x2) メモリ【DDR5】	1TB M.2 NVMe SSD【Gen4】	× ご好評につき、完売しました。
ejGamA620	g123623	FRGAM-A620AM/C/NTK	https://www.frontier-direct.jp/direct/g/g123623/	https://www.frontier-direct.jp/img/goods/S/GAM-WB.jpg	販売価格 339,800 円 （税込）	AMD Ryzen 7 9700X プロセッサー	【ASRock製】AMD Radeon RX 9070 XT	32GB (16GB x2) メモリ【DDR5】	1TB M.2 NVMe SSD【Gen4】	× ご好評につき、完売しました。
ejGamB550	g119913	FRGAM-B550M/A/NTK	https://www.frontier-direct.jp/direct/g/g119913/	https://www.frontier-direct.jp/img/goods/S/GAM-WB.jpg	販売価格 216,800 円 （税込）	AMD Ryzen 7 5700X プロセッサー	NVIDIA GeForce RTX 5060 Ti (8GB)	16GB (16GB x1) メモリ	1TB M.2 NVMe SSD【Gen4】	○ 受注生産
ejGamB550	g119914	FRGAM-B550M/B/NTK	https://www.frontier-direct.jp/direct/g/g119914/	https://www.frontier-direct.jp/img/goods/S/GAM-WB.jpg	販売価格 234,800 円 （税込）	AMD Ryzen 7 5700X プロセッサー	NVIDIA GeForce RTX 5060 Ti (8GB)	32GB (16GB x2) メモリ	1TB M.2 NVMe SSD【Gen4】	○ 受注生産
ejGamB550	g119926	FRGAM-B550M/C/NTK	https://www.frontier-direct.jp/direct/g/g119926/	https://www.frontier-direct.jp/img/goods/S/GAM-WB.jpg	販売価格 274,800 円 （税込）	AMD Ryzen 7 5700X プロセッサー	NVIDIA GeForce RTX 5070	32GB (16GB x2) メモリ	1TB M.2 NVMe SSD【Gen4】	○ 受注生産
ejGamB860	g123662	FRGAM-B860/A/NTK	https://www.frontier-direct.jp/direct/g/g123662/	https://www.frontier-direct.jp/img/goods/S/GAM-WB.jpg	販売価格 219,800 円 （税込）	インテル Core Ultra 5 プロセッサー 225F	【MSI製】NVIDIA GeForce RTX 5050	16GB (16GB x1) メモリ【DDR5】	1TB NVMe SSD【Gen4】	○ 受注生産
ejGamB860	g123663	FRGAM-B860/B/NTK	https://www.frontier-direct.jp/direct/g/g123663/	https://www.frontier-direct.jp/img/goods/S/GAM-WB.jpg	販売価格 309,800 円 （税込）	インテル Core Ultra 7 プロセッサー 265F	【MSI製】NVIDIA GeForce RTX 5060 Ti (8GB)	32GB (16GB x2) メモリ【DDR5】	1TB NVMe SSD【Gen4】	○ 受注生産
ejGamB860	g123664	FRGAM-B860/C/NTK	https://www.frontier-direct.jp/direct/g/g123664/	https://www.frontier-direct.jp/img/goods/S/GAM-WB.jpg	販売価格 409,800 円 （税込）	インテル Core Ultra 7 プロセッサー 265F	NVIDIA GeForce RTX 5070 Ti	32GB (16GB x2) メモリ【DDR5】	1TB NVMe SSD【Gen4】	○ 受注生産
ejGbZ890	g119657	FRGBZ890/A	https://www.frontier-direct.jp/direct/g/g119657/	https://www.frontier-direct.jp/img/goods/S/GB-SETA.jpg	販売価格 449,800 円 （税込）	インテル Core Ultra 7 プロセッサー 270K Plus	NVIDIA GeForce RTX 5070 Ti	32GB (16GB x2) メモリ【DDR5】	1TB M.2 NVMe SSD【Gen4】	○ 受注生産
ejGbZ890	g119658	FRGBZ890/B	https://www.frontier-direct.jp/direct/g/g119658/	https://www.frontier-direct.jp/img/goods/S/GB-SETA.jpg	販売価格 538,800 円 （税込）	インテル Core Ultra 7 プロセッサー 270K Plus	NVIDIA GeForce RTX 5080	32GB (16GB x2) メモリ【DDR5】	2TB M.2 NVMe SSD【Gen4】	○ 受注生産
ejGbZ890	g119659	FRGBZ890/C	https://www.frontier-direct.jp/direct/g/g119659/	https://www.frontier-direct.jp/img/goods/S/GB-SETA.jpg	販売価格 869,800 円 （税込）	インテル Core Ultra 9 プロセッサー 285K	NVIDIA GeForce RTX 5090	32GB (16GB x2) メモリ【DDR5】	1TB M.2 NVMe SSD【Gen4】	○ 受注生産
ejGblB650	g123269	FRGBLMB650/SG1	https://www.frontier-direct.jp/direct/g/g123269/	https://www.frontier-direct.jp/img/goods/S/GBL-SETA.jpg	販売価格 459,800 円 （税込）	AMD Ryzen 7 9800X3D プロセッサー	NVIDIA GeForce RTX 5070 Ti	32GB (16GB x2) メモリ【DDR5】	1TB M.2 NVMe SSD【Gen4】	○ 受注生産
ejGblB650	g123270	FRGBLMB650/SG2	https://www.frontier-direct.jp/direct/g/g123270/	https://www.frontier-direct.jp/img/goods/S/GBL-SETA.jpg	販売価格 514,800 円 （税込）	AMD Ryzen 7 9800X3D プロセッサー	NVIDIA GeForce RTX 5080	32GB (16GB x2) メモリ【DDR5】	1TB M.2 NVMe SSD【Gen4】	○ 受注生産
ejGblB650	g123271	FRGBLMB650/SG3	https://www.frontier-direct.jp/direct/g/g123271/	https://www.frontier-direct.jp/img/goods/S/GBL-SETA.jpg	販売価格 989,800 円 （税込）	AMD Ryzen 9 9950X3D プロセッサー	NVIDIA GeForce RTX 5090	64GB (32GB x2) メモリ【DDR5】	2TB M.2 NVMe SSD【Gen4】	○ 受注生産
ejGhlB550	g121483	FRGHLB550/5060	https://www.frontier-direct.jp/direct/g/g121483/	https://www.frontier-direct.jp/img/goods/S/GHL-WB-K3.jpg	販売価格 199,800 円 （税込）	AMD Ryzen 7 5700X プロセッサー	NVIDIA GeForce RTX 5060 【MSI RTX5060 8G SHADOW 2X OC】	16GB (16GB x1) メモリ	1TB M.2 NVMe SSD【Gen4】	○ 受注生産
ejGhlB550	g121484	FRGHLB550/5060T	https://www.frontier-direct.jp/direct/g/g121484/	https://www.frontier-direct.jp/img/goods/S/GHL-WB-K3.jpg	販売価格 234,800 円 （税込）	AMD Ryzen 7 5700X プロセッサー	NVIDIA GeForce RTX 5060 Ti 【MSI RTX5060Ti 8G SHADOW 2X OC PLUS】	32GB (16GB x2) メモリ	1TB M.2 NVMe SSD【Gen4】	○ 受注生産
ejGhlB550	g121485	FRGHLB550/9060	https://www.frontier-direct.jp/direct/g/g121485/	https://www.frontier-direct.jp/img/goods/S/GHL-WB-K3.jpg	販売価格 239,800 円 （税込）	AMD Ryzen 7 5700X プロセッサー	【ASRock製】AMD Radeon RX 9060 XT (16GB)	32GB (16GB x2) メモリ	1TB M.2 NVMe SSD【Gen4】	○ 受注生産
ejGhlB6m	g120102	FRGHLMB650/SG1	https://www.frontier-direct.jp/direct/g/g120102/	https://www.frontier-direct.jp/img/goods/S/GHL-WB-S.jpg	販売価格 413,800 円 （税込）	AMD Ryzen 7 9800X3D プロセッサー	AMD Radeon RX 9070 XT [ブラック]	32GB (16GB x2) メモリ【DDR5】	2TB M.2 NVMe SSD 【Gen4】	○ 受注生産
ejGhlB6m	g120103	FRGHLMB650/SG2	https://www.frontier-direct.jp/direct/g/g120103/	https://www.frontier-direct.jp/img/goods/S/GHL-WB-S.jpg	販売価格 439,800 円 （税込）	AMD Ryzen 7 9800X3D プロセッサー	NVIDIA GeForce RTX 5070 Ti	32GB (16GB x2) メモリ【DDR5】	1TB M.2 NVMe SSD【Gen4】	○ 受注生産
ejGhlB6m	g120104	FRGHLMB650/SG3	https://www.frontier-direct.jp/direct/g/g120104/	https://www.frontier-direct.jp/img/goods/S/GHL-WB-S.jpg	販売価格 529,800 円 （税込）	AMD Ryzen 7 9800X3D プロセッサー	NVIDIA GeForce RTX 5080	32GB (16GB x2) メモリ【DDR5】	2TB M.2 NVMe SSD 【Gen4】	○ 受注生産
ejGhlB860	g121700	FRGHLB860/SG1	https://www.frontier-direct.jp/direct/g/g121700/	https://www.frontier-direct.jp/img/goods/S/GHL-WB-K2.jpg	販売価格 299,800 円 （税込）	インテル Core Ultra 5 プロセッサー 225F	NVIDIA GeForce RTX 5060 Ti（8GB）	32GB (16GB x2) メモリ【DDR5】	1TB M.2 NVMe SSD【Gen4】	○ 受注生産
ejGhlB860	g121701	FRGHLB860/SG2	https://www.frontier-direct.jp/direct/g/g121701/	https://www.frontier-direct.jp/img/goods/S/GHL-WB-K2.jpg	販売価格 374,800 円 （税込）	インテル Core Ultra 7 プロセッサー 265F	NVIDIA GeForce RTX 5070	32GB (16GB x2) メモリ【DDR5】	1TB M.2 NVMe SSD【Gen4】	○ 受注生産
ejGhlB860	g121702	FRGHLB860/SG3	https://www.frontier-direct.jp/direct/g/g121702/	https://www.frontier-direct.jp/img/goods/S/GHL-WB-S.jpg	販売価格 469,800 円 （税込）	インテル Core Ultra 7 プロセッサー 265F	NVIDIA GeForce RTX 5070 Ti	32GB (16GB x2) メモリ【DDR5】	2TB M.2 NVMe SSD 【Gen4】	○ 受注生産
ejGhlB860	g121703	FRGHLB860/SG4	https://www.frontier-direct.jp/direct/g/g121703/	https://www.frontier-direct.jp/img/goods/S/GHL-WB-K2.jpg	販売価格 279,800 円 （税込）	インテル Core Ultra 5 プロセッサー 225F	AMD Radeon RX 9060 XT（8GB）	32GB (16GB x2) メモリ【DDR5】	1TB M.2 NVMe SSD【Gen4】	○ 受注生産
ejGhlB860	g121704	FRGHLB860/SG5	https://www.frontier-direct.jp/direct/g/g121704/	https://www.frontier-direct.jp/img/goods/S/GHL-WB-K2.jpg	販売価格 372,800 円 （税込）	インテル Core Ultra 7 プロセッサー 265F	AMD Radeon RX 9070	32GB (16GB x2) メモリ【DDR5】	1TB M.2 NVMe SSD【Gen4】	○ 受注生産
ejGhlB860	g121705	FRGHLB860/SG6	https://www.frontier-direct.jp/direct/g/g121705/	https://www.frontier-direct.jp/img/goods/S/GHL-WB-K2.jpg	販売価格 399,800 円 （税込）	インテル Core Ultra 7 プロセッサー 265F	AMD Radeon RX 9070 XT	32GB (16GB x2) メモリ【DDR5】	2TB M.2 NVMe SSD 【Gen4】	○ 受注生産
ejGkA62m	g122815	FRGKA620/A/NTK	https://www.frontier-direct.jp/direct/g/g122815/	https://www.frontier-direct.jp/img/goods/S/GK-WB.jpg	販売価格 275,800 円 （税込）	AMD Ryzen 7 7800X3D プロセッサー	AMD Radeon RX 9060 XT (16GB)	16GB (16GB x1) メモリ【DDR5】	1TB M.2 NVMe SSD【Gen4】	○ 受注生産
ejGkA62m	g122816	FRGKA620/B/NTK	https://www.frontier-direct.jp/direct/g/g122816/	https://www.frontier-direct.jp/img/goods/S/GK-WB.jpg	販売価格 339,800 円 （税込）	AMD Ryzen 7 7800X3D プロセッサー	NVIDIA GeForce RTX 5070	32GB (16GB x2) メモリ【DDR5】	1TB M.2 NVMe SSD【Gen4】	○ 受注生産
ejGkA62m	g122817	FRGKA620/C/NTK	https://www.frontier-direct.jp/direct/g/g122817/	https://www.frontier-direct.jp/img/goods/S/GK-WB.jpg	販売価格 365,800 円 （税込）	AMD Ryzen 7 9800X3D プロセッサー	NVIDIA GeForce RTX 5070	32GB (16GB x2) メモリ【DDR5】	1TB M.2 NVMe SSD【Gen4】	○ 受注生産
ejGkB550	g117327	FRGKB550/A/NTK	https://www.frontier-direct.jp/direct/g/g117327/	https://www.frontier-direct.jp/img/goods/S/GK-WB.jpg	販売価格 209,800 円 （税込）	AMD Ryzen 7 5700X プロセッサー	NVIDIA GeForce RTX 5060 Ti (8GB)	16GB (16GB x1) メモリ	1TB M.2 NVMe SSD【Gen4】	○ 受注生産
ejGkB550	g117328	FRGKB550/B/NTK	https://www.frontier-direct.jp/direct/g/g117328/	https://www.frontier-direct.jp/img/goods/S/GK-WB.jpg	販売価格 219,800 円 （税込）	AMD Ryzen 7 5700X プロセッサー	AMD Radeon RX 9060 XT (16GB)	16GB (16GB x1) メモリ	1TB M.2 NVMe SSD【Gen4】	○ 受注生産
ejGkB550	g117329	FRGKB550/C/NTK	https://www.frontier-direct.jp/direct/g/g117329/	https://www.frontier-direct.jp/img/goods/S/GK-WB.jpg	販売価格 329,800 円 （税込）	AMD Ryzen 7 5700X プロセッサー	NVIDIA GeForce RTX 5070 Ti	32GB (16GB x2) メモリ	1TB M.2 NVMe SSD【Gen4】	○ 受注生産
ejGkB860	g121941	FRGKB860/A	https://www.frontier-direct.jp/direct/g/g121941/	https://www.frontier-direct.jp/img/goods/S/GK-WB.jpg	販売価格 219,800 円 （税込）	インテル Core Ultra 5 プロセッサー 225F	NVIDIA GeForce RTX 5050	16GB (16GB x1) メモリ【DDR5】	1TB NVMe SSD【Gen4】	○ 受注生産
ejGkB860	g121942	FRGKB860/B	https://www.frontier-direct.jp/direct/g/g121942/	https://www.frontier-direct.jp/img/goods/S/GK-WB.jpg	販売価格 314,800 円 （税込）	インテル Core Ultra 7 プロセッサー 265F	NVIDIA GeForce RTX 5060 Ti	32GB (16GB x2) メモリ【DDR5】	1TB M.2 NVMe SSD【Gen4】	○ 受注生産
ejGkB860	g121943	FRGKB860/C	https://www.frontier-direct.jp/direct/g/g121943/	https://www.frontier-direct.jp/img/goods/S/GK-WB.jpg	販売価格 414,800 円 （税込）	インテル Core Ultra 7 プロセッサー 265F	NVIDIA GeForce RTX 5070 Ti	32GB (16GB x2) メモリ【DDR5】	1TB M.2 NVMe SSD【Gen4】	○ 受注生産
ejGplB6m	g120107	FRGPLMB650W/SG1	https://www.frontier-direct.jp/direct/g/g120107/	https://www.frontier-direct.jp/img/goods/S/GPLM-W-S2.jpg	販売価格 459,800 円 （税込）	AMD Ryzen 7 9800X3D プロセッサー	NVIDIA GeForce RTX 5070 Ti [ホワイト]	32GB (16GB x2) メモリ【DDR5】	2TB M.2 NVMe SSD 【Gen4】	○ 受注生産
ejGplB6m	g120108	FRGPLMB650W/SG2	https://www.frontier-direct.jp/direct/g/g120108/	https://www.frontier-direct.jp/img/goods/S/GPLM-W-S2.jpg	販売価格 364,800 円 （税込）	AMD Ryzen 7 7800X3D プロセッサー	AMD Radeon RX 9070 XT [ホワイト]	32GB (16GB x2) メモリ【DDR5】	1TB M.2 NVMe SSD【Gen4】	○ 受注生産
ejGplB6m	g120109	FRGPLMB650W/SG3	https://www.frontier-direct.jp/direct/g/g120109/	https://www.frontier-direct.jp/img/goods/S/GPLM-W-S2.jpg	販売価格 389,800 円 （税込）	AMD Ryzen 7 9800X3D プロセッサー	AMD Radeon RX 9070 XT [ホワイト]	32GB (16GB x2) メモリ【DDR5】	1TB M.2 NVMe SSD 【Gen4】	○ 受注生産
ejGplB6m	g120110	FRGPLMB650B/SG1	https://www.frontier-direct.jp/direct/g/g120110/	https://www.frontier-direct.jp/img/goods/S/GPLM-B-S2.jpg	販売価格 319,800 円 （税込）	AMD Ryzen 7 9700X プロセッサー	AMD Radeon RX 9060 XT（16GB） [ブラック]	32GB (16GB x2) メモリ【DDR5】	1TB M.2 NVMe SSD【Gen4】	○ 受注生産
ejGplB6m	g120111	FRGPLMB650B/SG2	https://www.frontier-direct.jp/direct/g/g120111/	https://www.frontier-direct.jp/img/goods/S/GPLM-B-S2.jpg	販売価格 364,800 円 （税込）	AMD Ryzen 7 7800X3D プロセッサー	NVIDIA GeForce RTX 5070 [ブラック]	32GB (16GB x2) メモリ【DDR5】	1TB M.2 NVMe SSD【Gen4】	○ 受注生産
ejGplB6m	g120112	FRGPLMB650B/SG3	https://www.frontier-direct.jp/direct/g/g120112/	https://www.frontier-direct.jp/img/goods/S/GPLM-B-S2.jpg	販売価格 454,800 円 （税込）	AMD Ryzen 7 7800X3D プロセッサー	NVIDIA GeForce RTX 5070 Ti [ブラック]	32GB (16GB x2) メモリ【DDR5】	2TB M.2 NVMe SSD 【Gen4】	○ 受注生産
ejGplB860	g124021	FRGPLB860MKW/SG1	https://www.frontier-direct.jp/direct/g/g124021/	https://www.frontier-direct.jp/img/goods/S/GPLM-W-S2.jpg	販売価格 454,800 円 （税込）	インテル Core Ultra 7 プロセッサー 270K Plus	NVIDIA GeForce RTX 5070 Ti [ホワイト]	32GB (16GB x2) メモリ【DDR5】	2TB M.2 NVMe SSD 【Gen4】	○ 受注生産
ejGplB860	g124022	FRGPLB860MW/SG2	https://www.frontier-direct.jp/direct/g/g124022/	https://www.frontier-direct.jp/img/goods/S/GPLM-W-S2.jpg	販売価格 379,800 円 （税込）	インテル Core Ultra 5 プロセッサー 250KF Plus	AMD Radeon RX 9070 XT [ホワイト]	32GB (16GB x2) メモリ【DDR5】	2TB M.2 NVMe SSD 【Gen4】	○ 受注生産
ejGplB860	g124023	FRGPLB860MKW/SG3	https://www.frontier-direct.jp/direct/g/g124023/	https://www.frontier-direct.jp/img/goods/S/GPLM-W-S2.jpg	販売価格 404,800 円 （税込）	インテル Core Ultra 7 プロセッサー 270K Plus	AMD Radeon RX 9070 XT [ホワイト]	32GB (16GB x2) メモリ【DDR5】	2TB M.2 NVMe SSD 【Gen4】	○ 受注生産
ejGplB860	g124024	FRGPLB860MKB/SG1	https://www.frontier-direct.jp/direct/g/g124024/	https://www.frontier-direct.jp/img/goods/S/GPLM-B-S2.jpg	販売価格 374,800 円 （税込）	インテル Core Ultra 7 プロセッサー 270K Plus	【ASUS製】NVIDIA GeForce RTX 5070 [ブラック]	32GB (16GB x2) メモリ【DDR5】	1TB M.2 NVMe SSD【Gen4】	○ 受注生産
ejGplB860	g124025	FRGPLB860MKB/SG2	https://www.frontier-direct.jp/direct/g/g124025/	https://www.frontier-direct.jp/img/goods/S/GPLM-B-S2.jpg	販売価格 469,800 円 （税込）	インテル Core Ultra 7 プロセッサー 270K Plus	NVIDIA GeForce RTX 5070 Ti [ブラック]	32GB (16GB x2) メモリ【DDR5】	2TB M.2 NVMe SSD 【Gen4】	○ 受注生産
ejGplB860	g124026	FRGPLB860MB/SG3	https://www.frontier-direct.jp/direct/g/g124026/	https://www.frontier-direct.jp/img/goods/S/GPLM-B-S2.jpg	販売価格 344,800 円 （税込）	インテル Core Ultra 5 プロセッサー 250KF Plus	AMD Radeon RX 9070 [ブラック]	32GB (16GB x2) メモリ【DDR5】	1TB M.2 NVMe SSD【Gen4】	○ 受注生産
ejXaB850	g122198	FRXAB850W/A	https://www.frontier-direct.jp/direct/g/g122198/	https://www.frontier-direct.jp/img/goods/S/X-W-S.jpg	販売価格 414,800 円 （税込）	AMD Ryzen 7 9800X3D プロセッサー	【ASRock製】AMD Radeon RX 9070 XT [ホワイト]	32GB (16GB x2) メモリ【DDR5】	1TB M.2 NVMe SSD【Gen4】	○ 受注生産
ejXaB850	g122199	FRXAB850W/B	https://www.frontier-direct.jp/direct/g/g122199/	https://www.frontier-direct.jp/img/goods/S/X-W-S.jpg	セール価格 349,800 円 （税込） 販売価格 374,800 円 （税込）	AMD Ryzen 7 9700X プロセッサー	【MSI製】NVIDIA GeForce RTX 5070 [ホワイト]	32GB (16GB x2) メモリ【DDR5】	1TB M.2 NVMe SSD【Gen4】	○ 受注生産
ejXaB850	g122200	FRXAB850W/C	https://www.frontier-direct.jp/direct/g/g122200/	https://www.frontier-direct.jp/img/goods/S/X-W-S.jpg	販売価格 344,800 円 （税込）	AMD Ryzen 7 9700X プロセッサー	【ASRock製】AMD Radeon RX 9060 XT (16GB) [ホワイト]	32GB (16GB x2) メモリ【DDR5】	1TB M.2 NVMe SSD【Gen4】	○ 受注生産
ejXaB850	g122195	FRXAB850B/A	https://www.frontier-direct.jp/direct/g/g122195/	https://www.frontier-direct.jp/img/goods/S/X-B-S.jpg	販売価格 414,800 円 （税込）	AMD Ryzen 7 9800X3D プロセッサー	【ASRock製】AMD Radeon RX 9070 XT [ブラック]	32GB (16GB x2) メモリ【DDR5】	1TB M.2 NVMe SSD【Gen4】	○ 受注生産
ejXaB850	g122196	FRXAB850B/B	https://www.frontier-direct.jp/direct/g/g122196/	https://www.frontier-direct.jp/img/goods/S/X-B-S.jpg	セール価格 349,800 円 （税込） 販売価格 374,800 円 （税込）	AMD Ryzen 7 9700X プロセッサー	【MSI製】NVIDIA GeForce RTX 5070 [ブラック]	32GB (16GB x2) メモリ【DDR5】	1TB M.2 NVMe SSD【Gen4】	○ 受注生産
ejXaB850	g122197	FRXAB850B/C	https://www.frontier-direct.jp/direct/g/g122197/	https://www.frontier-direct.jp/img/goods/S/X-B-S.jpg	販売価格 344,800 円 （税込）	AMD Ryzen 7 9700X プロセッサー	【ASRock製】AMD Radeon RX 9060 XT (16GB) [ブラック]	32GB (16GB x2) メモリ【DDR5】	1TB M.2 NVMe SSD【Gen4】	○ 受注生産
ejXaB860	g122204	FRXAB860W/A	https://www.frontier-direct.jp/direct/g/g122204/	https://www.frontier-direct.jp/img/goods/S/X-W-S.jpg	販売価格 449,800 円 （税込）	インテル Core Ultra 7 プロセッサー 265F	【MSI製】NVIDIA GeForce RTX 5070 Ti [ホワイト]	32GB (16GB x2) メモリ【DDR5】	1TB M.2 NVMe SSD【Gen4】	○ 受注生産
ejXaB860	g122205	FRXAB860W/B	https://www.frontier-direct.jp/direct/g/g122205/	https://www.frontier-direct.jp/img/goods/S/X-W-S.jpg	セール価格 369,800 円 （税込） 販売価格 399,800 円 （税込）	インテル Core Ultra 7 プロセッサー 265F	【MSI製】NVIDIA GeForce RTX 5070 [ホワイト]	32GB (16GB x2) メモリ【DDR5】	1TB M.2 NVMe SSD【Gen4】	○ 受注生産
ejXaB860	g122206	FRXAB860W/C	https://www.frontier-direct.jp/direct/g/g122206/	https://www.frontier-direct.jp/img/goods/S/X-W-S.jpg	販売価格 319,800 円 （税込）	インテル Core Ultra 5 プロセッサー 225F	NVIDIA GeForce RTX 5060 Ti (8GB) [ホワイト]	32GB (16GB x2) メモリ【DDR5】	1TB M.2 NVMe SSD【Gen4】	○ 受注生産
ejXaB860	g122201	FRXAB860B/A	https://www.frontier-direct.jp/direct/g/g122201/	https://www.frontier-direct.jp/img/goods/S/X-B-S.jpg	販売価格 449,800 円 （税込）	インテル Core Ultra 7 プロセッサー 265F	NVIDIA GeForce RTX 5070 Ti [ブラック]	32GB (16GB x2) メモリ【DDR5】	1TB M.2 NVMe SSD【Gen4】	○ 受注生産
ejXaB860	g122202	FRXAB860B/B	https://www.frontier-direct.jp/direct/g/g122202/	https://www.frontier-direct.jp/img/goods/S/X-B-S.jpg	セール価格 369,800 円 （税込） 販売価格 399,800 円 （税込）	インテル Core Ultra 7 プロセッサー 265F	【MSI製】NVIDIA GeForce RTX 5070 [ブラック]	32GB (16GB x2) メモリ【DDR5】	1TB M.2 NVMe SSD【Gen4】	○ 受注生産
ejXaB860	g122203	FRXAB860B/C	https://www.frontier-direct.jp/direct/g/g122203/	https://www.frontier-direct.jp/img/goods/S/X-B-S.jpg	販売価格 319,800 円 （税込）	インテル Core Ultra 5 プロセッサー 225F	【MSI製】NVIDIA GeForce RTX 5060 Ti (8GB) [ブラック]	32GB (16GB x2) メモリ【DDR5】	1TB M.2 NVMe SSD【Gen4】	○ 受注生産
ejZaB550	g122180	FRZAB550W/A	https://www.frontier-direct.jp/direct/g/g122180/	https://www.frontier-direct.jp/img/goods/S/Z-W-S.jpg	セール価格 284,800 円 （税込） 販売価格 299,800 円 （税込）	AMD Ryzen 7 5700X プロセッサー	【MSI製】NVIDIA GeForce RTX 5070 [ホワイト]	32GB (16GB x2) メモリ	1TB M.2 NVMe SSD【Gen4】	○ 受注生産
ejZaB550	g122181	FRZAB550W/B	https://www.frontier-direct.jp/direct/g/g122181/	https://www.frontier-direct.jp/img/goods/S/Z-W-S.jpg	販売価格 259,800 円 （税込）	AMD Ryzen 7 5700X プロセッサー	NVIDIA GeForce RTX 5060 Ti (8GB) [ホワイト]	32GB (16GB x2) メモリ	1TB M.2 NVMe SSD【Gen4】	○ 受注生産
ejZaB550	g122182	FRZAB550W/C	https://www.frontier-direct.jp/direct/g/g122182/	https://www.frontier-direct.jp/img/goods/S/Z-W-S.jpg	販売価格 269,800 円 （税込）	AMD Ryzen 7 5700X プロセッサー	【ASRock製】AMD Radeon RX 9060 XT (16GB) [ホワイト]	32GB (16GB x2) メモリ	1TB M.2 NVMe SSD【Gen4】	○ 受注生産
ejZaB550	g122177	FRZAB550B/A	https://www.frontier-direct.jp/direct/g/g122177/	https://www.frontier-direct.jp/img/goods/S/Z-B-S.jpg	セール価格 284,800 円 （税込） 販売価格 299,800 円 （税込）	AMD Ryzen 7 5700X プロセッサー	【MSI製】NVIDIA GeForce RTX 5070 [ブラック]	32GB (16GB x2) メモリ	1TB M.2 NVMe SSD【Gen4】	○ 受注生産
ejZaB550	g122178	FRZAB550B/B	https://www.frontier-direct.jp/direct/g/g122178/	https://www.frontier-direct.jp/img/goods/S/Z-B-S.jpg	販売価格 259,800 円 （税込）	AMD Ryzen 7 5700X プロセッサー	【MSI製】NVIDIA GeForce RTX 5060 Ti (8GB) [ブラック]	32GB (16GB x2) メモリ	1TB M.2 NVMe SSD【Gen4】	○ 受注生産
ejZaB550	g122179	FRZAB550B/C	https://www.frontier-direct.jp/direct/g/g122179/	https://www.frontier-direct.jp/img/goods/S/Z-B-S.jpg	販売価格 269,800 円 （税込）	AMD Ryzen 7 5700X プロセッサー	【ASRock製】AMD Radeon RX 9060 XT (16GB) [ブラック]	32GB (16GB x2) メモリ	1TB M.2 NVMe SSD【Gen4】	○ 受注生産
ejZaB650	g122174	FRZAB650W/A	https://www.frontier-direct.jp/direct/g/g122174/	https://www.frontier-direct.jp/img/goods/S/Z-W-S.jpg	販売価格 464,800 円 （税込）	AMD Ryzen 7 9800X3D プロセッサー	NVIDIA GeForce RTX 5070 Ti [ホワイト]	32GB (16GB x2) メモリ【DDR5】	1TB M.2 NVMe SSD【Gen4】	○ 受注生産
ejZaB650	g122175	FRZAB650W/B	https://www.frontier-direct.jp/direct/g/g122175/	https://www.frontier-direct.jp/img/goods/S/Z-W-S.jpg	販売価格 409,800 円 （税込）	AMD Ryzen 7 9800X3D プロセッサー	【ASRock製】AMD Radeon RX 9070 XT [ホワイト]	32GB (16GB x2) メモリ【DDR5】	1TB M.2 NVMe SSD【Gen4】	○ 受注生産
ejZaB650	g122176	FRZAB650W/C	https://www.frontier-direct.jp/direct/g/g122176/	https://www.frontier-direct.jp/img/goods/S/Z-W-S.jpg	販売価格 379,800 円 （税込）	AMD Ryzen 7 7800X3D プロセッサー	【MSI製】NVIDIA GeForce RTX 5070 [ホワイト]	32GB (16GB x2) メモリ【DDR5】	1TB M.2 NVMe SSD【Gen4】	○ 受注生産
ejZaB650	g122171	FRZAB650B/A	https://www.frontier-direct.jp/direct/g/g122171/	https://www.frontier-direct.jp/img/goods/S/Z-B-S.jpg	販売価格 464,800 円 （税込）	AMD Ryzen 7 9800X3D プロセッサー	NVIDIA GeForce RTX 5070 Ti [ブラック]	32GB (16GB x2) メモリ【DDR5】	1TB M.2 NVMe SSD【Gen4】	○ 受注生産
ejZaB650	g122172	FRZAB650B/B	https://www.frontier-direct.jp/direct/g/g122172/	https://www.frontier-direct.jp/img/goods/S/Z-B-S.jpg	販売価格 409,800 円 （税込）	AMD Ryzen 7 9800X3D プロセッサー	【ASRock製】AMD Radeon RX 9070 XT [ブラック]	32GB (16GB x2) メモリ【DDR5】	1TB M.2 NVMe SSD【Gen4】	○ 受注生産
ejZaB650	g122173	FRZAB650B/C	https://www.frontier-direct.jp/direct/g/g122173/	https://www.frontier-direct.jp/img/goods/S/Z-B-S.jpg	販売価格 379,800 円 （税込）	AMD Ryzen 7 7800X3D プロセッサー	【MSI製】NVIDIA GeForce RTX 5070 [ブラック]	32GB (16GB x2) メモリ【DDR5】	1TB M.2 NVMe SSD【Gen4】	○ 受注生産
ejZaB850	g122168	FRZAB850W/A	https://www.frontier-direct.jp/direct/g/g122168/	https://www.frontier-direct.jp/img/goods/S/Z-W-S.jpg	販売価格 969,800 円 （税込）	AMD Ryzen 9 9950X3D プロセッサー	NVIDIA GeForce RTX 5090 [ホワイト]	64GB (16GB x4) メモリ【DDR5】	2TB M.2 NVMe SSD 【Gen4】	○ 受注生産
ejZaB850	g122169	FRZAB850W/B	https://www.frontier-direct.jp/direct/g/g122169/	https://www.frontier-direct.jp/img/goods/S/Z-W-S.jpg	セール価格 469,800 円 （税込） 販売価格 519,800 円 （税込）	AMD Ryzen 7 9800X3D プロセッサー	NVIDIA GeForce RTX 5070 Ti [ホワイト]	32GB (16GB x2) メモリ【DDR5】	2TB M.2 NVMe SSD 【Gen4】	○ 受注生産
ejZaB850	g122170	FRZAB850W/C	https://www.frontier-direct.jp/direct/g/g122170/	https://www.frontier-direct.jp/img/goods/S/Z-W-S.jpg	セール価格 419,800 円 （税込） 販売価格 469,800 円 （税込）	AMD Ryzen 7 9800X3D プロセッサー	【ASRock製】AMD Radeon RX 9070 XT [ホワイト]	32GB (16GB x2) メモリ【DDR5】	2TB M.2 NVMe SSD 【Gen4】	○ 受注生産
ejZaB850	g122165	FRZAB850B/A	https://www.frontier-direct.jp/direct/g/g122165/	https://www.frontier-direct.jp/img/goods/S/Z-B-S.jpg	販売価格 1,049,800 円 （税込）	AMD Ryzen 9 9950X3D プロセッサー	【MSI製】NVIDIA GeForce RTX 5090 [ブラック]	64GB (16GB x4) メモリ【DDR5】	2TB M.2 NVMe SSD 【Gen4】	○ 受注生産
ejZaB850	g122166	FRZAB850B/B	https://www.frontier-direct.jp/direct/g/g122166/	https://www.frontier-direct.jp/img/goods/S/Z-B-S.jpg	セール価格 469,800 円 （税込） 販売価格 519,800 円 （税込）	AMD Ryzen 7 9800X3D プロセッサー	NVIDIA GeForce RTX 5070 Ti [ブラック]	32GB (16GB x2) メモリ【DDR5】	2TB M.2 NVMe SSD 【Gen4】	○ 受注生産
ejZaB850	g122167	FRZAB850B/C	https://www.frontier-direct.jp/direct/g/g122167/	https://www.frontier-direct.jp/img/goods/S/Z-B-S.jpg	セール価格 419,800 円 （税込） 販売価格 469,800 円 （税込）	AMD Ryzen 7 9800X3D プロセッサー	【ASRock製】AMD Radeon RX 9070 XT [ブラック]	32GB (16GB x2) メモリ【DDR5】	2TB M.2 NVMe SSD 【Gen4】	○ 受注生産
ejZaB860	g122192	FRZAB860W/A	https://www.frontier-direct.jp/direct/g/g122192/	https://www.frontier-direct.jp/img/goods/S/Z-W-S.jpg	販売価格 459,800 円 （税込）	インテル Core Ultra 7 プロセッサー 265F	NVIDIA GeForce RTX 5070 Ti [ホワイト]	32GB (16GB x2) メモリ【DDR5】	1TB M.2 NVMe SSD【Gen4】	○ 受注生産
ejZaB860	g122193	FRZAB860W/B	https://www.frontier-direct.jp/direct/g/g122193/	https://www.frontier-direct.jp/img/goods/S/Z-W-S.jpg	販売価格 399,800 円 （税込）	インテル Core Ultra 7 プロセッサー 265F	【MSI製】NVIDIA GeForce RTX 5070 [ホワイト]	32GB (16GB x2) メモリ【DDR5】	1TB M.2 NVMe SSD【Gen4】	○ 受注生産
ejZaB860	g122194	FRZAB860W/C	https://www.frontier-direct.jp/direct/g/g122194/	https://www.frontier-direct.jp/img/goods/S/Z-W-S.jpg	販売価格 329,800 円 （税込）	インテル Core Ultra 5 プロセッサー 225F	NVIDIA GeForce RTX 5060 Ti (8GB) [ホワイト]	32GB (16GB x2) メモリ【DDR5】	1TB M.2 NVMe SSD【Gen4】	○ 受注生産
ejZaB860	g122189	FRZAB860B/A	https://www.frontier-direct.jp/direct/g/g122189/	https://www.frontier-direct.jp/img/goods/S/Z-B-S.jpg	販売価格 459,800 円 （税込）	インテル Core Ultra 7 プロセッサー 265F	NVIDIA GeForce RTX 5070 Ti [ブラック]	32GB (16GB x2) メモリ【DDR5】	1TB M.2 NVMe SSD【Gen4】	○ 受注生産
ejZaB860	g122190	FRZAB860B/B	https://www.frontier-direct.jp/direct/g/g122190/	https://www.frontier-direct.jp/img/goods/S/Z-B-S.jpg	販売価格 399,800 円 （税込）	インテル Core Ultra 7 プロセッサー 265F	【MSI製】NVIDIA GeForce RTX 5070 [ブラック]	32GB (16GB x2) メモリ【DDR5】	1TB M.2 NVMe SSD【Gen4】	○ 受注生産
ejZaB860	g122191	FRZAB860B/C	https://www.frontier-direct.jp/direct/g/g122191/	https://www.frontier-direct.jp/img/goods/S/Z-B-S.jpg	販売価格 329,800 円 （税込）	インテル Core Ultra 5 プロセッサー 225F	【MSI製】NVIDIA GeForce RTX 5060 Ti (8GB) [ブラック]	32GB (16GB x2) メモリ【DDR5】	1TB M.2 NVMe SSD【Gen4】	○ 受注生産
ejZaZ890	g122186	FRZAZ890W/A	https://www.frontier-direct.jp/direct/g/g122186/	https://www.frontier-direct.jp/img/goods/S/Z-W-S.jpg	販売価格 648,800 円 （税込）	インテル Core Ultra 9 プロセッサー 285K	NVIDIA GeForce RTX 5080 [ホワイト]	32GB (16GB x2) メモリ【DDR5】	2TB M.2 NVMe SSD 【Gen4】	○ 受注生産
ejZaZ890	g122187	FRZAZ890W/B	https://www.frontier-direct.jp/direct/g/g122187/	https://www.frontier-direct.jp/img/goods/S/Z-W-S.jpg	セール価格 464,800 円 （税込） 販売価格 514,800 円 （税込）	インテル Core Ultra 7 プロセッサー 270K Plus	NVIDIA GeForce RTX 5070 Ti [ホワイト]	32GB (16GB x2) メモリ【DDR5】	2TB M.2 NVMe SSD 【Gen4】	○ 受注生産
ejZaZ890	g122188	FRZAZ890W/C	https://www.frontier-direct.jp/direct/g/g122188/	https://www.frontier-direct.jp/img/goods/S/Z-W-S.jpg	販売価格 459,800 円 （税込）	インテル Core Ultra 7 プロセッサー 270K Plus	【ASRock製】AMD Radeon RX 9070 XT [ホワイト]	32GB (16GB x2) メモリ【DDR5】	2TB M.2 NVMe SSD 【Gen4】	○ 受注生産
ejZaZ890	g122183	FRZAZ890B/A	https://www.frontier-direct.jp/direct/g/g122183/	https://www.frontier-direct.jp/img/goods/S/Z-B-S.jpg	販売価格 644,800 円 （税込）	インテル Core Ultra 9 プロセッサー 285K	【MSI製】NVIDIA GeForce RTX 5080 [ブラック]	32GB (16GB x2) メモリ【DDR5】	2TB M.2 NVMe SSD 【Gen4】	○ 受注生産
ejZaZ890	g122184	FRZAZ890B/B	https://www.frontier-direct.jp/direct/g/g122184/	https://www.frontier-direct.jp/img/goods/S/Z-B-S.jpg	セール価格 464,800 円 （税込） 販売価格 514,800 円 （税込）	インテル Core Ultra 7 プロセッサー 270K Plus	NVIDIA GeForce RTX 5070 Ti [ブラック]	32GB (16GB x2) メモリ【DDR5】	2TB M.2 NVMe SSD 【Gen4】	○ 受注生産
ejZaZ890	g122185	FRZAZ890B/C	https://www.frontier-direct.jp/direct/g/g122185/	https://www.frontier-direct.jp/img/goods/S/Z-B-S.jpg	販売価格 459,800 円 （税込）	インテル Core Ultra 7 プロセッサー 270K Plus	【ASRock製】AMD Radeon RX 9070 XT [ブラック]	32GB (16GB x2) メモリ【DDR5】	2TB M.2 NVMe SSD 【Gen4】	○ 受注生産
