series_slug	raw_title	product_id
	用途に応じて構成可能なスタンダードデスクトップPC	PC-M2H52BZGJ8KRNRSZZ
	豊富なBTOで業務を強力にサポートするハイエンドデスクトップPC	PC-M2H52EZGJ8KRNRSZZ
	第14世代インテル® Core™ プロセッサーを選択可能なスモールPC	PC-M2J44CZGH4KSMJSZZ
	第14世代インテル® Core™ プロセッサーを選択可能なハイエンドPC（24型液晶セット）	PC-M2J47EYGJ8KSNRSZZ
	第14世代インテル® Core™ プロセッサーを選択可能なハイエンドPC	PC-M2J47EZGJ8KSNRSZZ
	エントリーモデルとして十分な性能を備えたコストパフォーマンスPC(24型液晶セット、Windows 11 Pro モデル)	PC-M2L47LYGM8KRMRSZZ
	エントリーモデルとして十分な性能を備えたコストパフォーマンスPC（Windows 11 Pro モデル）	PC-M2L47LZGM8KRM4SZZ
	エントリーモデルとして十分な性能を備えたコストパフォーマンスPC(Windows 11 Pro モデル)	PC-M2L47LZGM8KRMRSZZ
	用途に応じて構成可能なスタンダードデスクトップPC	PC-M2M50BZGJ8KRNRSZZ
	豊富なBTOで業務を強力にサポートするハイエンドデスクトップPC	PC-M2M50EZGJ8KRNRSZZ
	第14世代インテル® Core™ プロセッサーを選択可能なハイエンドPC	PC-M2P50EZGJ8KSNRSZZ
	エントリーモデルとして十分な性能を備えたコストパフォーマンスPC（Windows 11 Pro モデル）	PC-M2T47LZGM8KRM4SZZ
	エントリーモデルとして十分な性能を備えたコストパフォーマンスPC(Windows 11 Pro モデル)	PC-M2T47LZGM8KRMRSZZ
	用途に応じて構成可能なスタンダードデスクトップPC(24型液晶セット）	PC-M2T49BYGJ8KRNRSZZ
	用途に応じて構成可能なスタンダードデスクトップPC	PC-M2T49BZGJ8KRN4SZZ
	用途に応じて構成可能なスタンダードデスクトップPC	PC-M2T49BZGJ8KRNRSZZ
	豊富なBTOで業務を強力にサポートするハイエンドデスクトップPC(24型液晶セット）	PC-M2T49EYGJ8KRNRSZZ
	豊富なBTOで業務を強力にサポートするハイエンドデスクトップPC	PC-M2T49EZGJ8KRN4SZZ
	豊富なBTOで業務を強力にサポートするハイエンドデスクトップPC	PC-M2T49EZGJ8KRNRSZZ
	第14世代インテル® Core™ プロセッサーを選択可能なスモールPC（24型液晶セット）	PC-M2Z34CYGH4KSMJ2ZZ
	第14世代インテル® Core™ プロセッサーを選択可能なスモールPC	PC-M2Z34CZGH4KSMJSZZ
	第14世代インテル® Core™ プロセッサーを選択可能なスモールPC	PC-M2Z34CZGH4KSMRSZZ
	第14世代インテル® Core™ プロセッサーを選択可能なハイエンドPC	PC-M2Z39EZGJ8KSNRSZZ
	エントリーモデルとして十分な性能を備えたコストパフォーマンスPC(Windows 11 Pro モデル)	PC-M2Z39LZGM8KRM4SZZ
	エントリーモデルとして十分な性能を備えたコストパフォーマンスPC(Windows 11 Pro モデル)	PC-M2Z39LZGM8KRMRSZZ
	エントリーモデルとして十分な性能を備えたコストパフォーマンスPC(Windows 11 Home モデル)	PC-M2Z39LZXM8KRM4SZZ
	エントリーモデルとして十分な性能を備えたコストパフォーマンスPC(Windows 11 Home モデル)	PC-M2Z39LZXM8KRMRSZZ
	一般業務に適した機能性を備えたエントリーPC	PC-V2545WDGMC5SZKYZY
	一般業務に適した機能性を備えたエントリーPC	PC-V2545WDGMC7SZGYZY
	一般業務に適した機能性を備えたエントリーPC	PC-V2545WDGMC9SZEYZY
	幅広い構成から用途に応じたスペックを選びたい方におすすめ	PC-V2H52XDGBC8PZEYZY
	高性能×拡張性でビジネスを加速 16型AIノートPC	PC-V2HN7AAHMCRTZYYZY
	高性能×拡張性でビジネスを加速 15.6型AIノートPC	PC-V2HN7ACHMC4TZYYZY
	日常業務を安定して支える、16型スタンダードノートPC	PC-V2LN5BAGMC8TZAYZY
	日常業務を安定して支える、15.6型スタンダードノートPC	PC-V2LN5BCGMC8TZAYZY
	高負荷なデータ管理業務や基幹業務などにおすすめ	PC-V2M47DBGBC8PZEYZY
	高負荷なデータ管理業務や基幹業務などにおすすめ(フルHD液晶)	PC-V2M47DDGBC8PZEYZY
	第13世代インテル® Core™ プロセッサー搭載タブレットPC	PC-V2M47S4G8C8SZGYZY
	幅広い構成から用途に応じたスペックを選びたい方におすすめ	PC-V2M47XBGBC8PZEYZY
	ビジネスに必要な性能と持ち運びやすさのエントリーモバイルPC	PC-V2M50BUGHC6RZGAZY
	ビジネスに必要な性能と持ち運びやすさのエントリーモバイルPC	PC-V2M50BUGHC6RZKAZY
	ビジネスに必須の性能やインターフェイスを備えた エントリーモバイルPC	PC-V2M50BUGHC8RZEAZY
	超長持ちバッテリー&軽量筐体、プレミアム14型モバイル(タッチパネル、LTE搭載）	PC-V2MM7EPHHL8TZDYZY
	高性能×拡張性でビジネスを加速 16型AIノートPC	PC-V2MN7AAHMC6TZDYZY
	高性能×拡張性でビジネスを加速 15.6型AIノートPC	PC-V2MN7ACHMC6TZDYZY
	柔軟な働き方を実現する、即応型タブレット（Core Ultra 5 プロセッサー搭載）	PC-V2MT5HEH8C8TZDYZY
	柔軟な働き方を実現する、即応型タブレット（Core Ultra 5 プロセッサー 335、5G搭載モデル）	PC-V2MT5HGH858TZDYZY
	柔軟な働き方を実現する、即応型タブレット（Core Ultra 5 プロセッサー 322搭載モデル）	PC-V2NT5HAH8C8TZDYZY
	柔軟な働き方を実現する、即応型タブレット（Core Ultra 5 プロセッサー 322 、5G搭載モデル)	PC-V2NT5HCH858TZDYZY
	第13世代インテル® Core™ プロセッサー 搭載バリューPC	PC-V2T46FBGMC8PZGYZY
	第13世代インテル® Core™ プロセッサー 搭載バリューPC	PC-V2T46FDGMC8PZGYZY
	第13世代インテル® Core™ プロセッサー搭載セキュアモバイル	PC-V2T46NUGHC6SZPYZY
	第13世代インテル® Core™ プロセッサー搭載セキュアモバイル	PC-V2T46NUGHC8SZPYZY
	大幅にモバイル性能を強化したスタンダード14型モバイル	PC-V2TM5FDGHC8TZDYZY
	大幅にモバイル性能を強化したスタンダード14型モバイル(タッチパネルモデル)	PC-V2TM5FJGHC8TZDYZY
	大幅にモバイル性能を強化したスタンダード14型モバイル(タッチパネル、LTE搭載モデル）	PC-V2TM5FJGHL8TZDYZY
	日常業務を安定して支える、16型スタンダードノートPC	PC-V2TN5BAGMC6TZDYZY
	日常業務を安定して支える、15.6型スタンダードノートPC	PC-V2TN5BCGMC6TZDYZY
	高性能×拡張性でビジネスを加速 16型AIノートPC	PC-V2TN7AAHMC8TZDYZY
	高性能×拡張性でビジネスを加速 15.6型AIノートPC	PC-V2TN7ACHMC8TZDYZY
	超長持ちバッテリー&軽量筐体、プレミアム14型モバイル	PC-V2UM7EAHHC8TZDYZY
	超長持ちバッテリー&軽量筐体、プレミアム14型モバイル(タッチパネル)	PC-V2UM7EJHHC8TZDYZY
	長時間バッテリー＆軽量筐体、ハイエンド14型モバイル	PC-V2UM9DAHHC9TZDYZY
	長時間バッテリー＆軽量筐体、ハイエンド14型モバイル	PC-V2UM9DBHHC7TZVYZY
	長時間バッテリー＆軽量筐体、ハイエンド14型モバイル	PC-V2UM9DBHHC9TZVYZY
	高性能×拡張性でビジネスを加速 16型AIノートPC	PC-V2UN7AAHMC8TZDYZY
	高性能×拡張性でビジネスを加速 15.6型AIノートPC	PC-V2UN7ACHMC8TZDYZY
	第13世代インテル® Core™ プロセッサー 搭載バリューPC	PC-V2V50FDGMC4PZKYZY
	第13世代インテル® Core™ プロセッサー 搭載バリューPC	PC-V2V50FDGMC6PZGYZY
	超長持ちバッテリー&軽量筐体、プレミアム14型モバイル(Core™ Ultra 7、タッチパネル搭載)	PC-V2VM7ETHHC8TZDYZY
	超長持ちバッテリー&軽量筐体、プレミアム14型モバイル(Core™ Ultra 7、タッチパネル、LTE搭載)	PC-V2VM7ETHHL8TZDYZY
	日常業務を安定して支える、16型スタンダードノートPC	PC-V2VN5BAGMC4TZVYZY
	日常業務を安定して支える、15.6型スタンダードノートPC	PC-V2VN5BCGMC4TZVYZY
14	14世代インテル® Core™ プロセッサーを選択可能なスタンダードPC（24型液晶セット）	PC-M2J47BYGJ8KSNRSZZ
14	14世代インテル® Core™ プロセッサーを選択可能なスタンダードPC（24型液晶セット）	PC-M2J47BZGJ8KSNRSZZ
14	14世代インテル® Core™ プロセッサーを選択可能なスタンダードPC（24型液晶セット）	PC-M2P50BZGJ8KSNRSZZ
14	14世代インテル® Core™ プロセッサーを選択可能なスタンダードPC	PC-M2Z39BZGJ8KSNRSZZ
a23	A23 インターネットやメールに最適な一体型	PC-GJ122CC5T3D3AUAAA
a23	A23 (ミニマムソフト) インターネットやメールに最適な一体型	PC-GJ122CC6T3D3AUAAA
a23	A23 ExcelやWordが使えるOffice搭載、快適に操作できるおすすめモデル	PC-GJ134CC1T3D3AUAAA
a23	A23 快適にアプリを操作できるおすすめモデル	PC-GJ134CC5T3D3AUAAA
a23	A23 (ミニマムソフト) 快適にアプリを操作できるおすすめモデル	PC-GJ134CC6T3D3AUAAA
a23	A23 写真や動画の編集も快適なハイスペック一体型	PC-GJ177CC5T3D3AUAAA
a23	A23 (ミニマムソフト) 写真や動画の編集も快適なハイスペック一体型	PC-GJ177CC6T3D3AUAAA
a27	A27 ExcelやWordが使えるOffice搭載、快適に操作できるおすすめモデル	PC-GJ134CE1T3D3AUAAA
a27	A27 快適にアプリを操作できる大画面一体型	PC-GJ134CE5T3D3AUAAA
a27	A27(ミニマムソフト) 快適にアプリを操作できる大画面一体型	PC-GJ134CE6T3D3AUAAA
a27	A27 大容量メモリとストレージ、Office搭載の5年あんしん保証のハイスペックモデル	PC-GJ177CE1T3A3ARADN
a27	A27 写真や動画の編集も快適なハイスペック大画面一体型	PC-GJ177CE5T3D3AUAAA
a27	A27(ミニマムソフト) 写真や動画の編集も快適なハイスペック大画面一体型	PC-GJ177CE6T3D3AUAAA
ai	AI搭載で高速処理＆高速通信が可能なモバイルノート	PC-V2549MNGHL6RZGYZY
ai	AI搭載で高速処理＆高速通信が可能なモバイルノート(LTE モデル)	PC-V2549MNGHL8RZEYZY
ai	AI搭載で高速処理＆高速通信が可能なモバイルノート	PC-V2649MMGHC6RZGYZY
ai	AI搭載で高速処理＆高速通信が可能なモバイルノート	PC-V2649MMGHC8RZEYZY
amd	AMD Ryzen AI搭載の 16型スタンダードノートPC	PC-V25N5CAHMC4TZYYZY
amd	AMD Ryzen AI搭載の 16型スタンダードノートPC	PC-V25N5CAHMC6TZWYZY
amd	AMD Ryzen AI搭載の 16型スタンダードノートPC	PC-V25N5CAHMC8TZDYZY
core	Core Ultra 5 プロセッサー 335 / 16GB / LTE選択可能モデル	PC-V2MM7EPHHB8TZDYZY
core	Core Ultra 5 プロセッサー 335 / 16GB / LTE選択可能モデル	PC-V2MM7EPHHC8TZDYZY
core	Core Ultra 5 プロセッサー 335 / 32GB / LTE選択可能モデル	PC-V2MM7ERHHC8TZVYZY
core	Core 5 プロセッサー 320 / 16GB / 無線LANモデル	PC-V2TM5FDGHC8T9DYZY
core	Core 5 プロセッサー 320 / 16GB / LTE選択可能モデル	PC-V2TM5FJGHC8T9DYZY
core	Core Ultra 5 プロセッサー 322 / 16GB / 無線LANモデル	PC-V2UM7EAHHC8T9DYZY
core	Core Ultra 5 プロセッサー 322 / 32GB / 無線LANモデル	PC-V2UM7EBHHC8TZVYZY
core	Core Ultra 5 プロセッサー 322 / 16GB / LTE選択可能モデル	PC-V2UM7EJHHC8T9DYZY
core	Core Ultra 5 プロセッサー 322 / 32GB / LTE選択可能モデル	PC-V2UM7EKHHC8T9VYZY
core	Core Ultra 5 プロセッサー 322 / 32GB / LTE選択可能モデル	PC-V2UM7EKHHC8TZVYZY
core	Core Ultra 5 プロセッサー 322 / 16GB / 5G搭載モデル	PC-V2UM7ELHH58TZDYZY
core	Core Ultra 5 プロセッサー 322 搭載モデル	PC-V2UM9DAHHC9T9DYZY
core	Core Ultra 5 プロセッサー 322 搭載モデル	PC-V2UM9DBHHC9T9VYZY
core	Core Ultra 7 プロセッサー 355 / 16GB / LTE選択可能モデル	PC-V2VM7ETHHB8TZDYZY
core	Core Ultra 7 プロセッサー 355 / 32GB / LTE選択可能モデル	PC-V2VM7EUHHC8TZVYZY
dt	DT Slim 24型ディスプレイの背面装着、クリエイティブな作業に対応するハイスペック	PC-GJ138Y26Z5D1AUAAA
dt	DT Slim クリエイティブな作業に対応するハイスペックのコンパクトデスクトップ	PC-GJ138YZ6Z5D1AUAAA
dt	DT Slim 24型ディスプレイの背面にブラケットで装着、快適にアプリを操作できるコンパクトデスクトップ	PC-GJ176Y2625D1AUAAA
dt	DT Slim ExcelやWordが使えるOffice搭載コンパクトデスクトップ	PC-GJ176YZ2Z5D1AUAAA
dt	DT Slim 快適にアプリを操作できるコンパクトデスクトップ	PC-GJ176YZ6Z5D1AUAAA
dt	DT Core i9搭載ハイエンドデスクトップ	PC-GJ209ZZ5T5D1A2AAA
dt	DT クリエイティブな作業に対応するハイスペックのデスクトップ	PC-GJ218ZZ5T5D1A2AAA
dt	DT 24型ディスプレイ付き、動画の編集も快適なハイスペックモデル	PC-GJ248W25T5D2A2AAA
dt	DT 24型ディスプレイ付き、動画の編集も快適なハイスペックモデル	PC-GJ248W25T5D2A6AAA
dt	DT 動画の編集も快適なハイスペックモデル	PC-GJ248WZ5T5D2A2AAA
dt	DT 動画の編集も快適なハイスペックモデル	PC-GJ248WZ5T5D2A6AAA
dt	DT クリエイティブな作業、動画編集、3Dレンダリングに対応するハイスペックモデル	PC-GJ259WZ5T5D2A2AAA
dt	DT クリエイティブな作業、動画編集、3Dレンダリングに対応するハイスペックモデル	PC-GJ259WZ5T5D2A6AAA
dt	DT 快適にアプリを操作できるデスクトップ	PC-GJ266ZZ5T5D1A2AAA
dt	DT  快適にアプリを操作できるデスクトップ	PC-GJ266ZZAT5D1A4AAA
dt	DT  快適にアプリを操作できるデスクトップ(ミニマムソフト）	PC-GJ266ZZDT5D1A4AAA
dt	DT Slim ExcelやWordが使えるOffice搭載コンパクトデスクトップ	PC-GJ273YZ2Z5D1ASAAA
dt	DT Slim インターネットやメールに最適なコンパクトデスクトップ	PC-GJ273YZ6Z5D1AUAAA
dt	DT ExcelやWordが使えるOffice搭載 快適に操作できるデスクトップ	PC-GJ336WZ1T5D2A2AAA
dt	DT ExcelやWordが使えるOffice搭載 快適に操作できるデスクトップ	PC-GJ336WZ1T5D2A4AAA
dt	DT ExcelやWordが使えるOffice搭載 快適に操作できるデスクトップ	PC-GJ336WZ1T5D2A6AAA
dt	DT 快適にアプリを操作できるデスクトップ	PC-GJ336WZ5T5D2A2AAA
dt	DT 快適にアプリを操作できるデスクトップ	PC-GJ336WZ5T5D2A4AAA
dt	DT 快適にアプリを操作できるデスクトップ	PC-GJ336WZ5T5D2A6AAA
dt	DT(ミニマムソフト) 快適にアプリを操作できるデスクトップ	PC-GJ336WZ6T5D2A2AAA
dt	DT(ミニマムソフト)快適にアプリを操作できるデスクトップ	PC-GJ336WZ6T5D2A6AAA
dt	DT Slim 24型ディスプレイ背面に装着で省スペース	PC-GJ34EY2625D1AUAAA
dt	DT Slim エントリーモデル	PC-GJ34EYZ6Z5D1ASAAA
dt	DT Slim エントリーモデル	PC-GJ34EYZ6Z5D1AUAAA
dt	DT 24型ディスプレイ添付、インターネットやメールに最適なデスクトップ	PC-GJ353Z25T5D1A2AAA
dt	DT インターネットやメールに最適なデスクトップ	PC-GJ353ZZ5T5D1A2AAA
dt	DT インターネットやメールに最適なデスクトップ	PC-GJ353ZZAT5D1A4AAA
dt	DT インターネットやメールに最適なデスクトップ(ミニマムソフト）	PC-GJ353ZZDT5D1A4AAA
dt	DTエントリーモデル	PC-GJ39EZZ5T5D1A2AAA
dt	DT(ミニマムモデル)エントリーモデル	PC-GJ39EZZ6T5D1A2AAA
dt	DT エントリーモデル	PC-GJ39EZZAT5D1A4AAA
dt	DT エントリーモデル(ミニマムソフト）	PC-GJ39EZZDT5D1A4AAA
lavie	LAVIE Tab T12発表記念セット (PC-TAB12Q01+ガラス保護フィルム)	NSLCB168T2QZ1S
lavie	LAVIE Tab T8(PC-T0855KAS)(ルナグレー)	PC-T0855KAS
lavie	LAVIE Tab T10(PC-T1055KAS)(ルナグレー)	PC-T1055KAS
lavie	LAVIE Tab T11N(PC-T1175LAC)(サンドローズ)	PC-T1175LAC
lavie	LAVIE Tab T11N(PC-T1175LAS)(ルナグレー)	PC-T1175LAS
lavie	LAVIE Tab T12N(PC-T1275LAS)(クラウドグレー)	PC-T1275LAS
lavie	LAVIE Tab T8(PC-TAB08H05)(ルナグレー)	PC-TAB08H05
lavie	LAVIE Tab T10(PC-TAB10F03)(ルナグレー)	PC-TAB10F03
lavie	LAVIE Tab EX(PC-TAB11301)(シーシェル)	PC-TAB11301
lavie	LAVIE Tab T11N(PC-TAB11Q02)(ルナグレー)	PC-TAB11Q02
lavie	LAVIE Tab T12(PC-TAB12Q01)(クラウドグレー)	PC-TAB12Q01
lavie	LAVIE Tab EX(PC-TX117LAS)(シーシェル)	PC-TX117LAS
n13	N13 Slim(シルバー)動画の編集も快適なハイスペックモデル	PC-GE32B485YAD3H21AA
n13	N13 Slim(ブルー)Office搭載で快適に操作できるおすすめモデル	PC-GE33E391YAD3H41AA
n13	N13 Slim(ブルー)アプリの操作が快適なおすすめモデル	PC-GE33E395YAD3H41AA
n13	N13 Slim(ブルー、ミニマムソフト)アプリの操作が快適なおすすめモデル	PC-GE33E396YAD3H41AA
n13	N13 Slim(シルバー)4年保証付き、アプリの操作が快適なおすすめモデル	PC-GE33E495YAC3H41AG
n13	N13 Slim(シルバー)アプリの操作が快適なおすすめモデル	PC-GE33E495YAD3H41AA
n13	N13 Slim(シルバー、ミニマムソフト)アプリの操作が快適なおすすめモデル	PC-GE33E496YAD3H41AA
n14	N14 Slim クリエイティブな作業に対応するハイスペックモデル	PC-GE33ARN5YAD2HSYAA
n14	N14 Slim タッチパネル搭載、快適にアプリを操作できるおすすめモデル	PC-GE35DRL5YAD2HSYAA
n14	N14 Slim Office搭載、快適に操作できるおすすめモデル	PC-GE35DRN1YAD2HSYAA
n14	N14 Slim 快適にアプリを操作できるおすすめモデル	PC-GE35DRN5YAD2HSYAA
n14	N14 Slim 4年保証付き、快適に操作できるおすすめモデル	PC-GE35DRN5YAD2HSYAG
n15	N15 (標準ソフト) インターネットやメールに最適なコストパフォーマンスモデル	PC-GE123AD5YAD3HVYAA
n15	N15 (ミニマムソフト) インターネットやメールに最適なコストパフォーマンスモデル	PC-GE123AD6YAD3HVYAA
n15	N15 (標準ソフト) U300搭載エントリーモデル	PC-GE12ZAD5YAD3HVYAA
n15	N15 (ミニマムソフト) U300搭載エントリーモデル	PC-GE12ZAD6YAD3HVYAA
n15	N15 (標準ソフト) Office搭載で快適に操作できるおすすめモデル	PC-GE135AD1YAD3HVYAA
n15	N15 (標準ソフト) アプリの操作が快適なおすすめモデル	PC-GE135AD5YAD3HVYAA
n15	N15 (標準ソフト) 動画の編集も快適なハイスペックモデル	PC-GE177AD5YAD3HVYAA
n15	N15 Slim (グレー)動画の編集も快適なハイスペックモデル	PC-GE32BJY5YAD2H4YAA
n15	N15 Slim (ブルー)動画の編集も快適なハイスペックモデル	PC-GE32BLY5YAD2H4YAA
n15	N15 Slim (グレー)Office搭載のおすすめモデル	PC-GE33ETY1YAD2H2YAA
n15	N15 Slim (グレー)アプリの操作が快適なおすすめモデル	PC-GE33ETY5YAD2H2YAA
n15	N15 Slim (グレー、ミニマムソフト)アプリの操作が快適なおすすめモデル	PC-GE33ETY6YAD2H2YAA
n15-r	N15(R) (標準ソフト) 動画の編集も快適なハイスペックモデル	PC-GE27BAD5YAD3HVYAA
n15-r	N15(R) (標準ソフト) Office搭載で快適に使えるおすすめモデル	PC-GE29EAD1YAD3HVYAA
n15-r	N15(R) (標準ソフト) アプリの操作が快適なおすすめモデル	PC-GE29EAD5YAD3HVYAA
n15-r	N15(R) (標準ソフト) インターネットやメールに最適なコストパフォーマンスモデル	PC-GE30GAD5YAD3HVYAA
n15-r	N15(R) (ミニマムソフト) インターネットやメールに最適なコストパフォーマンスモデル	PC-GE30GAD6YAD3HVYAA
n16	N16 (ホワイト) インターネットやメールに最適なコストパフォーマンスモデル	PC-GE123AC5YAD3HVYAA
n16	N16 (ブラック) アプリの操作が快適なおすすめモデル	PC-GE123BC5YAD3HVYAA
n16	N16 (グリーン) インターネットやメールに最適なコストパフォーマンスモデル	PC-GE123CC5YAD3HVYAA
n16	N16 (ブルー) インターネットやメールに最適なコストパフォーマンスモデル	PC-GE123DC5YAD3HVYAA
n16	N16 (ホワイト) Office搭載で快適に操作できるおすすめモデル	PC-GE135AC1YAD3HVYAA
n16	N16 (ホワイト) アプリの操作が快適なおすすめモデル	PC-GE135AC5YAD3HVYAA
n16	N16 (ブラック) アプリの操作が快適なおすすめモデル	PC-GE135BC5YAD3HVYAA
n16	N16 (ブルー) アプリの操作が快適なおすすめモデル	PC-GE135DC5YAD3HVYAA
n16	N16 (ホワイト) 動画の編集も快適なハイスペックモデル	PC-GE177AC5YAD3HVYAA
n16	N16 (ブラック) 動画の編集も快適なハイスペックモデル	PC-GE177BC5YAD3HVYAA
n16	N16 (グリーン) 動画の編集も快適なハイスペックモデル	PC-GE177CC5YAD3HVYAA
n16	N16 (ブルー) 動画の編集も快適なハイスペックモデル	PC-GE177DC5YAD3HVYAA
n16	N16 (ブラック) 動画の編集も快適なハイスペックモデル	PC-GE227BB5YAD3HVYAA
n16-r	N16(R) (ホワイト) 動画の編集も快適なハイスペックモデル	PC-GE27BAC5YAD3HVYAA
n16-r	N16(R) (ブラック) 動画の編集も快適なハイスペックモデル	PC-GE27BBC5YAD3HVYAA
n16-r	N16(R) (ブルー) 動画の編集も快適なハイスペックモデル	PC-GE27BDC5YAD3HVYAA
n16-r	N16(R) (ホワイト) Office搭載で快適に使えるおすすめモデル	PC-GE29EAC1YAD3HVYAA
n16-r	N16(R) (ホワイト) アプリの操作が快適なおすすめモデル	PC-GE29EAC5YAD3HVYAA
n16-r	N16(R) (ブラック) アプリの操作が快適なおすすめモデル	PC-GE29EBC5YAD3HVYAA
n16-r	N16(R) (グリーン) アプリの操作が快適なおすすめモデル	PC-GE29ECC5YAD3HVYAA
n16-r	N16(R) (ブルー) アプリの操作が快適なおすすめモデル	PC-GE29EDC5YAD3HVYAA
n16-r	N16(R) (ホワイト) インターネットやメールに最適なコストパフォーマンスモデル	PC-GE30GAC5YAD3HVYAA
n16-r	N16(R) (ミニマムソフト、ホワイト) インターネットやメールに最適なコストパフォーマンスモデル	PC-GE30GAC6YAD3HVYAA
n16-r	N16(R) (ブラック) インターネットやメールに最適なコストパフォーマンスモデル	PC-GE30GBC5YAD3HVYAA
n16-r	N16(R) (ミニマムソフト、ブラック) インターネットやメールに最適なコストパフォーマンスモデル	PC-GE30GBC6YAD3HVYAA
nextreme	NEXTREME アプリの操作が快適なおすすめモデル	PC-GE21WYT5YAD2H2ZAA
nextreme	NEXTREME(ミニマムソフト)アプリの操作が快適なおすすめモデル	PC-GE21WYT6YAD2H2ZAA
nextreme	NEXTREME 動画の編集も快適な大容量メモリのハイスペックモデル	PC-GE22SYT5YAD2HYZAA
nextreme	NEXTREME(ミニマムソフト)動画の編集も快適な大容量メモリのハイスペックモデル	PC-GE22SYT6YAD2HYZAA
nextreme	NEXTREME Office搭載で快適に使えるおすすめモデル	PC-GE22TYT1YAD2H2ZAA
nextreme	NEXTREME 動画の編集も快適なハイスペックモデル	PC-GE22TYT5YAD2H2ZAA
npu	NPU搭載の先進CPU、Wi-Fi 7を採用したスタンダードノートPC	PC-V2H53XDGHC4RZKYZY
npu	NPU搭載の先進CPU、Wi-Fi 7を採用したスタンダードノートPC	PC-V2H53XDGHC6RZGYZY
npu	NPU搭載の先進CPU、Wi-Fi 7を採用したスタンダードノートPC	PC-V2M49XBGHC8RZGYZY
npu	NPU搭載の先進CPU、Wi-Fi 7を採用したスタンダードノートPC	PC-V2M49XDGHC8RZGYZY
npu	NPU搭載の先進CPU、Wi-Fi 7を採用したスタンダードノートPC	PC-V2T48XBGHC8RZEYZY
sol	SOL(シルバー)Office搭載、快適に使えるおすすめモデル	PC-GE135631YAD3H2YAA
sol	SOL(シルバー)アプリの操作が快適なおすすめモデル	PC-GE135635YAD3H2YAA
sol	SOL(シルバー)4年保証付き、アプリの操作が快適なおすすめモデル	PC-GE135635YAD3H2YAG
sol	SOL(シルバー、ミニマムソフト)アプリの操作が快適なおすすめモデル	PC-GE135636YAD3H2YAA
sol	SOL(シルバー、ミニマムソフト)アプリの操作が快適なおすすめモデル	PC-GE13563DYAD3H2YAA
sol	SOL(シルバー)動画の編集も快適なハイスペックモデル	PC-GE177625YAD3HYYAA
sol	SOL(シルバー、ミニマムソフト)動画の編集も快適なハイスペックモデル	PC-GE177626YAD3HYYAA
sol	SOL(シルバー)4年保証付き、動画の編集も快適なハイスペックモデル	PC-GE177635YAC3H2YAG
sol	SOL(シルバー)動画の編集も快適なハイスペックモデル	PC-GE177635YAD3H2YAA
sol	SOL(ブラック)動画の編集も快適なハイスペックモデル	PC-GE177725YAD3HYYAA
sol	SOL(ブラック)4年保証付き、動画の編集も快適なハイスペックモデル	PC-GE177735YAC3H2YAG
sol	SOL(パープル)動画の編集も快適なハイスペックモデル	PC-GE177825YAD3HYYAA
sol	SOL(パープル)動画の編集も快適なハイスペックモデル	PC-GE177835YAD3H2YAA
sol	SOL(シルバー)アプリの操作が快適なおすすめモデル	PC-GE21V635YAD3H2YAA
sol	SOL(シルバー)アプリの操作が快適なおすすめモデル	PC-GE21V636YAD3H2YAA
sol	SOL(ブラック)アプリの操作が快適なおすすめモデル	PC-GE21V725YAD3HYYAA
sol	SOL(ブラック)アプリの操作が快適なおすすめモデル	PC-GE21V735YAD3H2YAA
sol	SOL(パープル)アプリの操作が快適なおすすめモデル	PC-GE21V835YAD3H2YAA
sol	SOL(シルバー)動画の編集も快適なハイスペックモデル	PC-GE22S625YAD3HYYAA
sol	SOL(ブラック)動画の編集も快適なハイスペックモデル	PC-GE22S735YAD3H2YAA
versapro	VersaPro J タイプVS vProモデル (LTE)	PC-V2T46S4G8L8SZ2YZY
vpro	vPro対応 用途に応じて構成可能なスタンダードデスクトップPC	PC-M2H52BZGJ8KRN4SZZ
vpro	vPro対応 豊富なBTOで業務を強力にサポートするハイエンドデスクトップPC	PC-M2H52EZGJ8KRN4SZZ
vpro	vPro対応 用途に応じて構成可能なスタンダードデスクトップPC	PC-M2M50BZGJ8KRN4SZZ
vpro	vPro対応 豊富なBTOで業務を強力にサポートするハイエンドデスクトップPC	PC-M2M50EZGJ8KRN4SZZ
vpro	vPro対応 第14世代インテル® Core™ プロセッサーを選択可能なスモールPC	PC-M2Q48CZGH4KSMJSZZ
vpro	vPro対応 14世代インテル® Core™ プロセッサーを選択可能なスタンダードPC	PC-M2Q50BZGJ8KSNRSZZ
vpro	vPro対応 第14世代インテル® Core™ プロセッサーを選択可能なハイエンドPC	PC-M2Q50EZGJ8KSNRSZZ
vpro	vPro対応 第13世代インテル® Core™ プロセッサー搭載タブレットPC	PC-V2T46S4G8C8SZHYZY
windows	Windows 11 Pro モデル	PC-V2T46FBGMC8PZEYZY
windows	Windows 11 Home モデル	PC-V2T46FBXMC8PZEYZY
